{"K": [[567.51922743, 0.0, 388.84432509], [0.0, 567.59278971, 230.30279134], [0.0, 0.0, 1.0]], "resolution": [448, 768]}
